Title,Subtitile,Link
NUKE FEARS,Israel admits some of Iran's underground uranium stockpile SURVIVED Trump blitz,https://www.thesun.co.uk/news/35793067/israel-iran-uranium-survived-us-attack/
VLAD’S REVENGE,Putin stooges DELIGHT in brazen assassination of Ukrainian spy chief,https://www.thesun.co.uk/news/35791157/putin-ordered-ukraine-spy-chief-hit/
SMOKING FURY,Smoking pair on UK jet leave flyers stranded for 17 HOURS in ‘warzone’ scenes,https://www.thesun.co.uk/news/35788913/smoking-pair-tui-jet-flyers-stranded-warzone-scenes/
FROZEN WITH FEAR,Bella's 'cries for help' revealed as she was 'WATCHED by gang at airport',https://www.thesun.co.uk/news/35789438/bella-culley-drugs-gang-airport/
HIPPO BIRTHDAY TO YOU,How 'world’s cutest animal' Moo Deng celebrates first birthday,https://www.thesun.co.uk/news/35790013/moo-deng-pygmy-hippo-birthday/
MULE MOAN,Brit drug mule moans ‘I’m depressed’ as he faces years in hellhole jail,https://www.thesun.co.uk/news/35785784/brit-drug-mule-cocaine-iphone-indonesia-depressed/
ON THE BOTTOM,Lost 300-yr-old ship with £101M worth of treasure FOUND off Madagascar coast,https://www.thesun.co.uk/news/35786985/lost-ship-treasure-pirate-raid/
WISH YOU WERE FEAR,Taliban launches Afghan TOURISM campaign with sick spoof 'execution' vid,https://www.thesun.co.uk/news/35786527/taliban-afghan-tourism-video/
HITMAN STRIKES,Ukraine special ops chief is gunned down with Bond-style silenced pistol,https://www.thesun.co.uk/news/35786111/ukraine-special-ops-chief-gunned-down-assassination/
BETTER OFF AT HOME!,Majorca STORM warning as rain batters hols island - while 33C UK bakes,https://www.thesun.co.uk/news/35781690/majorca-storm-warning-travel-chaos/
AGONY DRAGS ON ,Brit Bella Culley’s drug trial in Georgia POSTPONED over ‘evidence issue’,https://www.thesun.co.uk/news/35781981/bella-culley-court-drug-smuggling/
ROAD TRAGEDY,Brit killed & pal left fighting for life after horror motorbike crash in Bali,https://www.thesun.co.uk/news/35781402/brit-tourist-killed-friend-motorbike-crash-lorry-bali/
SHORT STACK,'World’s smallest volcano' found by locals after bursting from ground in Peru,https://www.thesun.co.uk/news/35781294/worlds-smallest-volcano-bubbling-gases-sludge-peru/
‘LOVE YOU PAIGE’,Young Brit woman footballer struck by car and killed on Turkey hols,https://www.thesun.co.uk/news/35780599/brit-woman-footballer-killed-turkey/
YACHT HORROR,First pic of 'yacht slasher' accused of murdering stewardess in £9.5m vessel,https://www.thesun.co.uk/news/35779737/first-pic-superyacht-slasher-accused-murder-stewardess-bahamas/
SEA OF FIRE,Houthi rebels sink 2 cargo ships & kidnap crew turning Red Sea into hell AGAIN,https://www.thesun.co.uk/news/35779229/houthis-sink-ships-kidnap-crew-red-sea/
HOSTAGE HOPE,Hamas agrees to release 10 hostages as terror group issues ceasefire red lines,https://www.thesun.co.uk/news/35776640/hamas-agrees-ten-hostages-release-ceasefire-israel/
DON ALERT,"Iran could assassinate Trump 'while sunbathing at Mar-a-Lago', says top official",https://www.thesun.co.uk/news/35776212/iran-threatens-assassinate-trump/
